navApproach	Our approach	طريقتنا	Notre approche	Unser Ansatz	Nuestro enfoque	हमारा तरीका	Nossa abordagem	Il nostro metodo	El nostre mètode	Наш подход
navLessons	Free lessons	دروس مجانية	Leçons gratuites	Kostenlose Lektionen	Lecciones gratis	मुफ़्त पाठ	Aulas gratuitas	Lezioni gratuite	Lliçons gratuïtes	Бесплатные уроки
navLevel	Find your level	اكتشف مستواك	Trouvez votre niveau	Niveau ermitteln	Descubre tu nivel	अपना स्तर जानें	Descubra seu nível	Scopri il tuo livello	Descobreix el teu nivell	Узнайте свой уровень
language	Language	اللغة	Langue	Sprache	Idioma	भाषा	Idioma	Lingua	Idioma	Язык
start	Start learning	ابدأ التعلم	Commencer	Jetzt lernen	Empieza a aprender	सीखना शुरू करें	Começar a aprender	Inizia a imparare	Comença a aprendre	Начать обучение
skip	Skip to lessons	انتقل إلى الدروس	Aller aux leçons	Zu den Lektionen	Ir a las lecciones	पाठों पर जाएँ	Ir para as aulas	Vai alle lezioni	Ves a les lliçons	Перейти к урокам
pause	Pause mascot motion	أوقف حركة الشخصية	Mettre la mascotte en pause	Maskottchen pausieren	Pausar la mascota	शुभंकर की गति रोकें	Pausar a mascote	Metti in pausa la mascotte	Pausa la mascota	Остановить анимацию талисмана
resume	Resume mascot motion	استأنف حركة الشخصية	Animer la mascotte	Maskottchen fortsetzen	Reanudar la mascota	शुभंकर की गति चालू करें	Retomar a mascote	Riattiva la mascotte	Reprèn la mascota	Включить анимацию талисмана
light	Switch to light theme	التبديل إلى المظهر الفاتح	Passer au thème clair	Helles Design	Cambiar al tema claro	हल्की थीम चुनें	Usar tema claro	Passa al tema chiaro	Canvia al tema clar	Включить светлую тему
dark	Switch to dark theme	التبديل إلى المظهر الداكن	Passer au thème sombre	Dunkles Design	Cambiar al tema oscuro	गहरी थीम चुनें	Usar tema escuro	Passa al tema scuro	Canvia al tema fosc	Включить тёмную тему
menu	Open navigation	فتح القائمة	Ouvrir le menu	Menü öffnen	Abrir menú	मेन्यू खोलें	Abrir menu	Apri il menu	Obre el menú	Открыть меню
heroEyebrow	A LITTLE ENGLISH. A BIG NEW WORLD.	قليل من الإنجليزية. عالم جديد واسع.	UN PEU D’ANGLAIS. TOUT UN MONDE.	EIN WENIG ENGLISCH. EINE NEUE WELT.	UN POCO DE INGLÉS. UN MUNDO NUEVO.	थोड़ी अंग्रेज़ी। एक नई दुनिया।	UM POUCO DE INGLÊS. UM NOVO MUNDO.	UN PO’ D’INGLESE. UN MONDO NUOVO.	UNA MICA D’ANGLÈS. UN MÓN NOU.	НЕМНОГО АНГЛИЙСКОГО. ЦЕЛЫЙ НОВЫЙ МИР.
heroTitle	Small lessons.	دروس صغيرة.	De petites leçons.	Kleine Lektionen.	Pequeñas lecciones.	छोटे-छोटे पाठ।	Pequenas aulas.	Piccole lezioni.	Petites lliçons.	Небольшие уроки.
heroAccent	Real conversations.	محادثات حقيقية.	De vraies conversations.	Echte Gespräche.	Conversaciones reales.	असली बातचीत।	Conversas de verdade.	Conversazioni vere.	Converses reals.	Настоящие разговоры.
heroBody	English opens doors. Build the confidence to speak, one everyday moment at a time.	الإنجليزية تفتح الأبواب. ابنِ ثقتك في التحدث، موقفًا يوميًا بعد آخر.	L’anglais ouvre des portes. Prenez confiance à l’oral, une situation du quotidien à la fois.	Englisch öffnet Türen. Gewinne mit jeder Alltagssituation mehr Sicherheit beim Sprechen.	El inglés abre puertas. Gana confianza para hablar, una situación cotidiana a la vez.	अंग्रेज़ी नए रास्ते खोलती है। रोज़मर्रा की छोटी बातचीत से बोलने का आत्मविश्वास बढ़ाएँ।	O inglês abre portas. Ganhe confiança para falar, uma situação do dia a dia de cada vez.	L’inglese apre porte. Acquista fiducia nel parlare, una situazione quotidiana alla volta.	L’anglès obre portes. Guanya confiança per parlar, una situació quotidiana cada vegada.	Английский открывает двери. Обретайте уверенность в разговоре — шаг за шагом, каждый день.
freeNote	Four free A1 lessons · No sign-up needed	أربعة دروس A1 مجانية · دون تسجيل	Quatre leçons A1 gratuites · Sans inscription	Vier kostenlose A1-Lektionen · Ohne Anmeldung	Cuatro lecciones A1 gratis · Sin registro	चार मुफ़्त A1 पाठ · पंजीकरण ज़रूरी नहीं	Quatro aulas A1 gratuitas · Sem cadastro	Quattro lezioni A1 gratuite · Senza iscrizione	Quatre lliçons A1 gratuïtes · Sense registre	Четыре бесплатных урока A1 · Без регистрации
meetCreator	Meet the voice behind BeeLikeNative	تعرّف على صاحبة BeeLikeNative	Découvrez la créatrice de BeeLikeNative	Lerne die Gründerin von BeeLikeNative kennen	Conoce a la creadora de BeeLikeNative	BeeLikeNative की निर्माता से मिलें	Conheça a criadora do BeeLikeNative	Conosci la creatrice di BeeLikeNative	Coneix la creadora de BeeLikeNative	Знакомьтесь с автором BeeLikeNative
courage	A LITTLE COURAGE GOES A LONG WAY	قليل من الشجاعة يصنع فرقًا	UN PEU DE COURAGE CHANGE TOUT	EIN WENIG MUT BRINGT DICH WEITER	UN POCO DE VALOR TE LLEVA LEJOS	थोड़ा साहस बहुत आगे ले जाता है	UM POUCO DE CORAGEM FAZ A DIFERENÇA	UN PO’ DI CORAGGIO TI PORTA LONTANO	UNA MICA DE CORATGE ET PORTA LLUNY	НЕМНОГО СМЕЛОСТИ — И ВЫ УЖЕ ВПЕРЕДИ
nextChapter	YOUR NEXT CHAPTER	خطوتك القادمة	VOTRE PROCHAINE ÉTAPE	DEIN NÄCHSTES KAPITEL	TU PRÓXIMO CAPÍTULO	आपका अगला अध्याय	SEU PRÓXIMO CAPÍTULO	IL TUO PROSSIMO CAPITOLO	EL TEU PROPER CAPÍTOL	ВАША НОВАЯ ГЛАВА
youCan	You’ve got this.	أنت تستطيع.	Vous pouvez le faire.	Du schaffst das.	Tú puedes.	आप कर सकते हैं।	Você consegue.	Puoi farcela.	Tu pots.	У вас получится.
realLife	Made for real life	للحياة اليومية	Pour la vraie vie	Fürs echte Leben	Para la vida real	असली जीवन के लिए	Para a vida real	Per la vita reale	Per a la vida real	Для реальной жизни
little	Little by little	خطوة بخطوة	Petit à petit	Schritt für Schritt	Poco a poco	थोड़ा-थोड़ा करके	Pouco a pouco	Un passo alla volta	A poc a poc	Шаг за шагом
pace	At your own pace	بالسرعة المناسبة لك	À votre rythme	In deinem Tempo	A tu ritmo	अपनी गति से	No seu ritmo	Al tuo ritmo	Al teu ritme	В своём темпе
confidence	Say it with confidence	تحدّث بثقة	Parlez avec confiance	Sprich mit Selbstvertrauen	Habla con confianza	आत्मविश्वास से बोलें	Fale com confiança	Parla con fiducia	Parla amb confiança	Говорите уверенно
approachEye	LESS PRESSURE. MORE PROGRESS.	ضغط أقل. تقدّم أكبر.	MOINS DE PRESSION. PLUS DE PROGRÈS.	WENIGER DRUCK. MEHR FORTSCHRITT.	MENOS PRESIÓN. MÁS PROGRESO.	कम दबाव। ज़्यादा प्रगति।	MENOS PRESSÃO. MAIS PROGRESSO.	MENO PRESSIONE. PIÙ PROGRESSI.	MENYS PRESSIÓ. MÉS PROGRÉS.	МЕНЬШЕ ДАВЛЕНИЯ. БОЛЬШЕ ПРОГРЕССА.
approachTitle	Your voice deserves	صوتك يستحق	Votre voix mérite	Deine Stimme verdient	Tu voz merece	आपकी आवाज़ को मिले	Sua voz merece	La tua voce merita	La teva veu mereix	Ваш голос заслуживает
approachAccent	a little confidence.	قليلًا من الثقة.	un peu de confiance.	ein wenig Selbstvertrauen.	un poco de confianza.	थोड़ा आत्मविश्वास।	um pouco de confiança.	un po’ di fiducia.	una mica de confiança.	немного уверенности.
approachBody	A useful word. A friendly conversation. A small win. That’s how a new language starts to feel like yours.	كلمة مفيدة. محادثة ودّية. نجاح صغير. هكذا تبدأ اللغة الجديدة في أن تصبح لغتك.	Un mot utile. Une conversation amicale. Une petite victoire. C’est ainsi qu’une langue devient la vôtre.	Ein nützliches Wort. Ein nettes Gespräch. Ein kleiner Erfolg. So wird eine neue Sprache zu deiner.	Una palabra útil. Una conversación amable. Un pequeño logro. Así empiezas a hacer tuyo un nuevo idioma.	एक उपयोगी शब्द। एक दोस्ताना बातचीत। एक छोटी जीत। ऐसे ही नई भाषा अपनी लगने लगती है।	Uma palavra útil. Uma conversa amigável. Uma pequena conquista. É assim que um novo idioma se torna seu.	Una parola utile. Una conversazione amichevole. Un piccolo successo. Così una lingua diventa tua.	Una paraula útil. Una conversa amable. Un petit èxit. Així comences a fer teu un idioma nou.	Полезное слово. Дружеская беседа. Маленькая победа. Так новый язык становится своим.
teacherEye	YOUR ENGLISH, WITH A HUMAN TOUCH	إنجليزيتك بلمسة إنسانية	L’ANGLAIS, AVEC UNE TOUCHE HUMAINE	ENGLISCH MIT PERSÖNLICHER NOTE	TU INGLÉS, CON UN TOQUE HUMANO	अंग्रेज़ी सीखें, अपनेपन के साथ	SEU INGLÊS, COM UM TOQUE HUMANO	IL TUO INGLESE, CON UN TOCCO UMANO	EL TEU ANGLÈS, AMB UN TOC HUMÀ	АНГЛИЙСКИЙ С ЧЕЛОВЕЧЕСКИМ ПОДХОДОМ
teacherTitle	A familiar face.	وجه مألوف.	Un visage familier.	Ein vertrautes Gesicht.	Una cara conocida.	एक परिचित चेहरा।	Um rosto familiar.	Un volto familiare.	Una cara coneguda.	Знакомое лицо.
teacherAccent	A world of possibility.	عالم من الإمكانات.	Un monde de possibilités.	Eine Welt voller Möglichkeiten.	Un mundo de posibilidades.	संभावनाओं की दुनिया।	Um mundo de possibilidades.	Un mondo di possibilità.	Un món de possibilitats.	Мир возможностей.
teacherBody	Meet the creator behind BeeLikeNative. Explore a little English here, then join her on TikTok for more everyday speaking practice.	تعرّف على صاحبة BeeLikeNative. جرّب بعض الإنجليزية هنا، ثم تابعها على تيك توك لمزيد من التدريب على المحادثة اليومية.	Découvrez la créatrice de BeeLikeNative. Pratiquez ici, puis retrouvez-la sur TikTok pour parler anglais au quotidien.	Lerne die Gründerin von BeeLikeNative kennen. Übe hier ein wenig Englisch und entdecke auf TikTok weitere Alltagsgespräche.	Conoce a la creadora de BeeLikeNative. Practica aquí y síguela en TikTok para más conversaciones cotidianas en inglés.	BeeLikeNative की निर्माता से मिलें। यहाँ अभ्यास करें, फिर रोज़मर्रा की अंग्रेज़ी बातचीत के लिए उनके TikTok से जुड़ें।	Conheça a criadora do BeeLikeNative. Pratique aqui e acompanhe-a no TikTok para mais conversas do dia a dia em inglês.	Conosci la creatrice di BeeLikeNative. Esercitati qui e seguila su TikTok per altre conversazioni quotidiane in inglese.	Coneix la creadora de BeeLikeNative. Practica aquí i segueix-la a TikTok per trobar més converses quotidianes en anglès.	Знакомьтесь с автором BeeLikeNative. Практикуйтесь здесь и смотрите её видео в TikTok для повседневного общения на английском.
watch	Meet her on TikTok	تابعها على تيك توك	La retrouver sur TikTok	Auf TikTok entdecken	Conócela en TikTok	TikTok पर देखें	Conheça no TikTok	Scoprila su TikTok	Coneix-la a TikTok	Смотреть в TikTok
read	Read	اقرأ	Lire	Lesen	Lee	पढ़ें	Ler	Leggi	Llegeix	Читайте
listen	Listen	استمع	Écouter	Hören	Escucha	सुनें	Ouvir	Ascolta	Escolta	Слушайте
speak	Speak	تحدّث	Parler	Sprechen	Habla	बोलें	Falar	Parla	Parla	Говорите
readTip	Start with words you’ll actually use.	ابدأ بكلمات ستستخدمها فعلًا.	Commencez par des mots vraiment utiles.	Beginne mit Wörtern, die du wirklich brauchst.	Empieza con palabras que usarás de verdad.	ऐसे शब्दों से शुरू करें जो सच में काम आएँगे।	Comece com palavras que você vai usar.	Inizia con parole che userai davvero.	Comença amb paraules que faràs servir.	Начните со слов, которые пригодятся.
listenTip	Hear the rhythm. Repeat the phrase.	استمع إلى الإيقاع. كرّر العبارة.	Écoutez le rythme. Répétez la phrase.	Höre den Rhythmus. Wiederhole den Satz.	Escucha el ritmo. Repite la frase.	लय सुनें। वाक्य दोहराएँ।	Ouça o ritmo. Repita a frase.	Ascolta il ritmo. Ripeti la frase.	Escolta el ritme. Repeteix la frase.	Услышьте ритм. Повторите фразу.
speakTip	Make it yours. Try your own introduction.	اجعلها عبارتك. جرّب تقديم نفسك.	À vous de jouer. Présentez-vous.	Mach es zu deinem Satz. Stell dich vor.	Hazlo tuyo. Intenta presentarte.	अब अपनी बारी। अपना परिचय देने की कोशिश करें।	Agora é sua vez. Tente se apresentar.	Ora tocca a te. Prova a presentarti.	Fes-ho teu. Prova de presentar-te.	Теперь ваша очередь. Попробуйте представиться.
hearPhrase	Hear this phrase	استمع إلى العبارة	Écouter la phrase	Satz anhören	Escuchar la frase	यह वाक्य सुनें	Ouvir a frase	Ascolta la frase	Escolta la frase	Прослушать фразу
browserVoice	Practice audio uses your browser’s voice.	صوت التدريب يستخدم صوت المتصفح.	L’audio utilise la voix de votre navigateur.	Die Übung nutzt die Stimme deines Browsers.	El audio usa la voz de tu navegador.	अभ्यास का ऑडियो आपके ब्राउज़र की आवाज़ से चलता है।	O áudio usa a voz do navegador.	L’audio usa la voce del browser.	L’àudio fa servir la veu del navegador.	Для аудио используется голос браузера.
lessonsEye	THE FREE A1 STARTER	بداية A1 المجانية	LE PARCOURS A1 GRATUIT	DER KOSTENLOSE A1-START	TU INICIO A1 GRATIS	मुफ़्त A1 शुरुआत	O INÍCIO A1 GRATUITO	IL PERCORSO A1 GRATUITO	L’INICI A1 GRATUÏT	БЕСПЛАТНЫЙ СТАРТ A1
lessonsTitle	Your first words.	كلماتك الأولى.	Vos premiers mots.	Deine ersten Wörter.	Tus primeras palabras.	आपके पहले शब्द।	Suas primeiras palavras.	Le tue prime parole.	Les teves primeres paraules.	Ваши первые слова.
lessonsAccent	Your next adventure.	مغامرتك القادمة.	Votre prochaine aventure.	Dein nächstes Abenteuer.	Tu próxima aventura.	आपका अगला रोमांच।	Sua próxima aventura.	La tua prossima avventura.	La teva propera aventura.	Ваше новое приключение.
lessonsBody	Four everyday moments. Start anywhere. Come back anytime.	أربعة مواقف يومية. ابدأ من أي درس وعُد متى شئت.	Quatre situations du quotidien. Commencez où vous voulez, revenez quand vous voulez.	Vier Alltagssituationen. Starte, wo du möchtest. Komm jederzeit zurück.	Cuatro situaciones cotidianas. Empieza donde quieras y vuelve cuando quieras.	रोज़मर्रा की चार स्थितियाँ। कहीं से शुरू करें। कभी भी वापस आएँ।	Quatro situações do dia a dia. Comece onde quiser. Volte quando quiser.	Quattro situazioni quotidiane. Inizia dove vuoi. Torna quando vuoi.	Quatre situacions quotidianes. Comença on vulguis. Torna quan vulguis.	Четыре повседневные ситуации. Начните с любой. Возвращайтесь в любое время.
completed	lessons complete	دروس مكتملة	leçons terminées	Lektionen abgeschlossen	lecciones completadas	पाठ पूरे	aulas concluídas	lezioni completate	lliçons completades	уроков завершено
lesson	LESSON	الدرس	LEÇON	LEKTION	LECCIÓN	पाठ	AULA	LEZIONE	LLIÇÓ	УРОК
again	Practise again	تدرّب مجددًا	Recommencer	Noch einmal üben	Practicar de nuevo	फिर अभ्यास करें	Praticar novamente	Esercitati ancora	Practica de nou	Повторить
begin	Let’s do this	لنبدأ	C’est parti	Los geht’s	Vamos allá	चलिए शुरू करें	Vamos lá	Cominciamo	Som-hi	Начнём
lessonNote	English examples stay in English. Guidance is in your selected language.	تبقى الأمثلة الإنجليزية بالإنجليزية. الإرشادات بلغتك المختارة.	Les exemples restent en anglais. Les consignes sont dans votre langue.	Englische Beispiele bleiben auf Englisch. Hinweise erscheinen in deiner Sprache.	Los ejemplos siguen en inglés. Las instrucciones están en tu idioma.	अंग्रेज़ी उदाहरण अंग्रेज़ी में रहते हैं। निर्देश आपकी चुनी हुई भाषा में हैं।	Os exemplos continuam em inglês. As instruções ficam no seu idioma.	Gli esempi restano in inglese. Le istruzioni sono nella tua lingua.	Els exemples es mantenen en anglès. Les instruccions són en la teva llengua.	Примеры остаются на английском. Инструкции — на выбранном вами языке.
nextEye	YOUR NEXT STEP	خطوتك القادمة	VOTRE PROCHAINE ÉTAPE	DEIN NÄCHSTER SCHRITT	TU SIGUIENTE PASO	आपका अगला कदम	SEU PRÓXIMO PASSO	IL TUO PROSSIMO PASSO	EL TEU SEGÜENT PAS	ВАШ СЛЕДУЮЩИЙ ШАГ
nextTitle	A small start. Bigger possibilities.	بداية صغيرة. إمكانات أكبر.	Un petit départ. De grandes possibilités.	Klein anfangen. Mehr erreichen.	Un pequeño inicio. Más posibilidades.	छोटी शुरुआत। बड़ी संभावनाएँ।	Um pequeno começo. Grandes possibilidades.	Un piccolo inizio. Grandi possibilità.	Un petit inici. Grans possibilitats.	Маленький старт. Большие возможности.
upcoming	COMING SOON	قريبًا	BIENTÔT DISPONIBLE	DEMNÄCHST	PRÓXIMAMENTE	जल्द आ रहा है	EM BREVE	IN ARRIVO	PROPERAMENT	СКОРО
bridgeBody	A planned 30-day course with everyday topics, videos, and guided practice.	دورة مخططة لمدة 30 يومًا بمواضيع يومية وفيديوهات وتدريب موجّه.	Un futur parcours de 30 jours : thèmes du quotidien, vidéos et exercices guidés.	Ein geplanter 30-Tage-Kurs mit Alltagsthemen, Videos und begleiteten Übungen.	Un curso de 30 días en preparación, con temas cotidianos, vídeos y práctica guiada.	रोज़मर्रा के विषयों, वीडियो और निर्देशित अभ्यास वाला 30-दिन का पाठ्यक्रम तैयार हो रहा है।	Um curso de 30 dias em preparação, com temas cotidianos, vídeos e prática guiada.	Un corso di 30 giorni in preparazione, con temi quotidiani, video ed esercizi guidati.	Un curs de 30 dies en preparació, amb temes quotidians, vídeos i pràctica guiada.	Планируется 30-дневный курс с повседневными темами, видео и практикой.
askCourse	Ask about the course	استفسر عن الدورة	Se renseigner	Zum Kurs nachfragen	Consultar sobre el curso	पाठ्यक्रम के बारे में पूछें	Perguntar sobre o curso	Chiedi informazioni	Pregunta pel curs	Узнать о курсе
privateTitle	Your goals. Your lessons.	أهدافك. دروسك.	Vos objectifs. Vos leçons.	Deine Ziele. Deine Stunden.	Tus metas. Tus clases.	आपके लक्ष्य। आपके पाठ।	Seus objetivos. Suas aulas.	I tuoi obiettivi. Le tue lezioni.	Els teus objectius. Les teves classes.	Ваши цели. Ваши уроки.
privateBody	Ask about private lessons and a learning plan for your level and goals.	استفسر عن الدروس الخاصة وخطة تعلّم تناسب مستواك وأهدافك.	Renseignez-vous sur les cours particuliers et un parcours adapté à vos objectifs.	Frage nach Einzelunterricht und einem Lernplan für dein Niveau und deine Ziele.	Pregunta por clases particulares y un plan para tu nivel y tus objetivos.	अपने स्तर और लक्ष्यों के अनुसार निजी पाठ और सीखने की योजना के बारे में पूछें।	Pergunte sobre aulas particulares e um plano para seu nível e seus objetivos.	Chiedi delle lezioni private e di un piano adatto al tuo livello e ai tuoi obiettivi.	Pregunta per classes particulars i un pla per al teu nivell i els teus objectius.	Узнайте об индивидуальных занятиях и плане для вашего уровня и целей.
contact	Let’s talk	لنتحدث	Parlons-en	Lass uns sprechen	Hablemos	बात करें	Vamos conversar	Parliamone	Parlem-ne	Давайте поговорим
faqTitle	A little clarity.	بعض التوضيح.	Quelques réponses.	Ein wenig Klarheit.	Un poco de claridad.	कुछ ज़रूरी बातें।	Um pouco de clareza.	Un po’ di chiarezza.	Una mica de claredat.	Немного ясности.
faq1	Are the starter lessons free?	هل دروس البداية مجانية؟	Les premières leçons sont-elles gratuites ?	Sind die Einstiegslektionen kostenlos?	¿Las lecciones iniciales son gratis?	क्या शुरुआती पाठ मुफ़्त हैं?	As aulas iniciais são gratuitas?	Le lezioni iniziali sono gratuite?	Les lliçons inicials són gratuïtes?	Начальные уроки бесплатные?
faq1a	Yes. No account, payment, or email address is required.	نعم. لا تحتاج إلى حساب أو دفع أو بريد إلكتروني.	Oui. Aucun compte, paiement ou e-mail n’est nécessaire.	Ja. Ohne Konto, Zahlung oder E-Mail-Adresse.	Sí. No necesitas cuenta, pago ni correo electrónico.	हाँ। खाते, भुगतान या ईमेल की ज़रूरत नहीं है।	Sim. Sem conta, pagamento ou e-mail.	Sì. Non servono account, pagamento o e-mail.	Sí. No cal compte, pagament ni correu electrònic.	Да. Аккаунт, оплата и электронная почта не нужны.
faq2	Is the level check an official exam?	هل اختبار المستوى امتحان رسمي؟	Ce test est-il un examen officiel ?	Ist der Niveaucheck eine offizielle Prüfung?	¿La prueba de nivel es un examen oficial?	क्या स्तर जाँच एक आधिकारिक परीक्षा है?	O teste de nível é um exame oficial?	Il test di livello è un esame ufficiale?	La prova de nivell és un examen oficial?	Это официальный экзамен?
faq2a	No. It estimates reading, vocabulary, and grammar from a short quiz. Speaking, listening, and writing need a fuller assessment.	لا. يقدّر القراءة والمفردات والقواعد باختبار قصير. التحدث والاستماع والكتابة تحتاج إلى تقييم أشمل.	Non. Il estime lecture, vocabulaire et grammaire. L’oral, l’écoute et l’écriture nécessitent une évaluation plus complète.	Nein. Er schätzt Lesen, Wortschatz und Grammatik ein. Sprechen, Hören und Schreiben brauchen eine umfassendere Prüfung.	No. Estima lectura, vocabulario y gramática. Hablar, escuchar y escribir requieren una evaluación más completa.	नहीं। यह पढ़ने, शब्दावली और व्याकरण का अनुमान देता है। बोलने, सुनने और लिखने के लिए विस्तृत मूल्यांकन चाहिए।	Não. Ele estima leitura, vocabulário e gramática. Fala, escuta e escrita precisam de uma avaliação mais completa.	No. Stima lettura, vocabolario e grammatica. Parlato, ascolto e scrittura richiedono una valutazione più completa.	No. Estima lectura, vocabulari i gramàtica. Parlar, escoltar i escriure requereixen una avaluació més completa.	Нет. Он оценивает чтение, лексику и грамматику. Для речи, аудирования и письма нужна более полная оценка.
faq3	Where is my progress saved?	أين يُحفظ تقدّمي؟	Où ma progression est-elle enregistrée ?	Wo wird mein Fortschritt gespeichert?	¿Dónde se guarda mi progreso?	मेरी प्रगति कहाँ सहेजी जाती है?	Onde meu progresso é salvo?	Dove vengono salvati i miei progressi?	On es desa el meu progrés?	Где сохраняется мой прогресс?
faq3a	In this browser on this device. It is not synced to other devices.	في هذا المتصفح على هذا الجهاز، دون مزامنة مع أجهزة أخرى.	Dans ce navigateur, sur cet appareil. Pas de synchronisation entre appareils.	In diesem Browser auf diesem Gerät. Keine Synchronisierung mit anderen Geräten.	En este navegador y dispositivo. No se sincroniza con otros dispositivos.	इसी डिवाइस के इसी ब्राउज़र में। दूसरे डिवाइस से सिंक नहीं होता।	Neste navegador e dispositivo. Não há sincronização com outros dispositivos.	In questo browser, su questo dispositivo. Nessuna sincronizzazione con altri dispositivi.	En aquest navegador i dispositiu. No se sincronitza amb altres dispositius.	В этом браузере на этом устройстве. Синхронизации с другими устройствами нет.
footer	Little lessons. More possibilities.	دروس صغيرة. إمكانات أكبر.	Petites leçons. Grandes possibilités.	Kleine Lektionen. Mehr Möglichkeiten.	Pequeñas lecciones. Más posibilidades.	छोटे पाठ। बड़ी संभावनाएँ।	Pequenas aulas. Mais possibilidades.	Piccole lezioni. Più possibilità.	Petites lliçons. Més possibilitats.	Небольшие уроки. Больше возможностей.
independent	Independent redesign	تصميم مستقل	Refonte indépendante	Unabhängige Neugestaltung	Rediseño independiente	स्वतंत्र नया डिज़ाइन	Redesign independente	Restyling indipendente	Redisseny independent	Независимый редизайн
checkEye	YOUR STARTING POINT, DISCOVERED	اكتشف نقطة انطلاقك	DÉCOUVREZ VOTRE POINT DE DÉPART	FINDE DEINEN STARTPUNKT	DESCUBRE TU PUNTO DE PARTIDA	अपनी शुरुआत का स्तर जानें	DESCUBRA SEU PONTO DE PARTIDA	SCOPRI IL TUO PUNTO DI PARTENZA	DESCOBREIX EL TEU PUNT DE PARTIDA	НАЙДИТЕ СВОЮ ОТПРАВНУЮ ТОЧКУ
checkTitle	Where are you now?	أين أنت الآن؟	Où en êtes-vous ?	Wo stehst du gerade?	¿Dónde estás ahora?	अभी आपका स्तर क्या है?	Em que ponto você está?	A che punto sei?	En quin punt ets ara?	На каком вы уровне?
checkAccent	Let’s find your next step.	لنكتشف خطوتك التالية.	Trouvons votre prochaine étape.	Finden wir deinen nächsten Schritt.	Descubramos tu siguiente paso.	चलिए अगला कदम खोजें।	Vamos encontrar seu próximo passo.	Troviamo il tuo prossimo passo.	Trobem el teu següent pas.	Найдём ваш следующий шаг.
checkBody	A thoughtful English check, followed by a plan that fits you. No timer. No pressure. Just a clearer way forward.	اختبار إنجليزي مدروس، تتبعه خطة تناسبك. بلا مؤقّت أو ضغط. فقط طريق أوضح للتقدّم.	Un test d’anglais suivi d’un plan adapté. Sans chrono ni pression. Pour avancer plus sereinement.	Ein Englischcheck mit passendem Lernplan. Ohne Zeitdruck. Für einen klareren Weg nach vorn.	Una prueba de inglés con un plan a tu medida. Sin cronómetro ni presión. Un camino más claro para avanzar.	अंग्रेज़ी की जाँच और आपके लिए सीखने की योजना। कोई समय सीमा नहीं, कोई दबाव नहीं। बस आगे का साफ़ रास्ता।	Um teste de inglês seguido de um plano para você. Sem cronômetro. Sem pressão. Um caminho mais claro.	Un test d’inglese seguito da un piano adatto a te. Senza timer né pressione. Per capire come proseguire.	Una prova d’anglès amb un pla a la teva mida. Sense cronòmetre ni pressió. Un camí més clar per avançar.	Проверка английского и подходящий план обучения. Без таймера и давления. Просто понятный путь вперёд.
checkFacts	20 questions · About 8–10 minutes · Free	20 سؤالًا · نحو 8–10 دقائق · مجانًا	20 questions · Environ 8 à 10 minutes · Gratuit	20 Fragen · Etwa 8–10 Minuten · Kostenlos	20 preguntas · Unos 8–10 minutos · Gratis	20 प्रश्न · लगभग 8–10 मिनट · मुफ़्त	20 perguntas · Cerca de 8–10 minutos · Grátis	20 domande · Circa 8–10 minuti · Gratis	20 preguntes · Uns 8–10 minuts · Gratuït	20 вопросов · Около 8–10 минут · Бесплатно
startCheck	Find my starting point	اكتشف نقطة انطلاقي	Trouver mon point de départ	Meinen Startpunkt finden	Descubrir mi punto de partida	मेरा शुरुआती स्तर जानें	Encontrar meu ponto de partida	Trova il mio punto di partenza	Descobreix el meu punt de partida	Найти свой стартовый уровень
resumeCheck	Continue my check	متابعة اختباري	Reprendre mon test	Check fortsetzen	Continuar mi prueba	मेरी जाँच जारी रखें	Continuar meu teste	Continua il mio test	Continua la meva prova	Продолжить проверку
viewResult	View my results	عرض نتائجي	Voir mes résultats	Ergebnis ansehen	Ver mis resultados	मेरे परिणाम देखें	Ver meus resultados	Vedi i miei risultati	Mostra els meus resultats	Посмотреть результаты
checkNote	An indicative estimate, not a certificate. Questions stay in English. No speaking, listening, or writing is assessed.	تقدير إرشادي وليس شهادة. الأسئلة بالإنجليزية. لا يقيّم التحدث أو الاستماع أو الكتابة.	Une estimation, pas un diplôme. Les questions restent en anglais. L’oral, l’écoute et l’écriture ne sont pas évalués.	Eine Orientierung, kein Zertifikat. Fragen bleiben auf Englisch. Sprechen, Hören und Schreiben werden nicht geprüft.	Una estimación, no un certificado. Las preguntas están en inglés. No evalúa expresión oral, escucha ni escritura.	यह अनुमान है, प्रमाणपत्र नहीं। प्रश्न अंग्रेज़ी में हैं। बोलने, सुनने या लिखने का मूल्यांकन नहीं होता।	Uma estimativa, não um certificado. As perguntas ficam em inglês. Fala, escuta e escrita não são avaliadas.	Una stima, non un certificato. Le domande restano in inglese. Parlato, ascolto e scrittura non sono valutati.	Una estimació, no un certificat. Les preguntes són en anglès. No avalua expressió oral, escolta ni escriptura.	Ориентировочная оценка, не сертификат. Вопросы на английском. Речь, аудирование и письмо не проверяются.
question	Question	السؤال	Question	Frage	Pregunta	प्रश्न	Pergunta	Domanda	Pregunta	Вопрос
next	Next	التالي	Suivant	Weiter	Siguiente	अगला	Próximo	Avanti	Següent	Далее
back	Back	رجوع	Retour	Zurück	Atrás	पीछे	Voltar	Indietro	Enrere	Назад
unknown	I don’t know yet	لا أعرف بعد	Je ne sais pas encore	Das weiß ich noch nicht	Todavía no lo sé	अभी नहीं पता	Ainda não sei	Non lo so ancora	Encara no ho sé	Пока не знаю
finishCheck	See my recommendations	اعرض توصياتي	Voir mes recommandations	Empfehlungen ansehen	Ver mis recomendaciones	मेरे सुझाव देखें	Ver minhas recomendações	Vedi i miei consigli	Mostra les meves recomanacions	Посмотреть рекомендации
saveExit	Save & close	حفظ وإغلاق	Enregistrer et fermer	Speichern & schließen	Guardar y cerrar	सहेजें और बंद करें	Salvar e fechar	Salva e chiudi	Desa i tanca	Сохранить и закрыть
resultEye	YOUR LEARNING SNAPSHOT	لمحة عن تعلّمك	VOTRE BILAN D’APPRENTISSAGE	DEIN LERNPROFIL	TU PERFIL DE APRENDIZAJE	आपकी सीखने की झलक	SEU PERFIL DE APRENDIZAGEM	IL TUO PROFILO DI APPRENDIMENTO	EL TEU PERFIL D’APRENENTATGE	ВАШ УЧЕБНЫЙ ПРОФИЛЬ
estimated	Estimated starting level	مستوى البداية التقديري	Niveau de départ estimé	Geschätztes Startniveau	Nivel inicial estimado	अनुमानित शुरुआती स्तर	Nível inicial estimado	Livello iniziale stimato	Nivell inicial estimat	Предполагаемый стартовый уровень
correct	correct	صحيح	correctes	richtig	correctas	सही	corretas	corrette	correctes	верно
grammar	Grammar	القواعد	Grammaire	Grammatik	Gramática	व्याकरण	Gramática	Grammatica	Gramàtica	Грамматика
vocabulary	Vocabulary	المفردات	Vocabulaire	Wortschatz	Vocabulario	शब्दावली	Vocabulário	Vocabolario	Vocabulari	Лексика
reading	Reading	القراءة	Lecture	Lesen	Lectura	पढ़ना	Leitura	Lettura	Lectura	Чтение
recommendation	Your recommended path	مسارك المقترح	Votre parcours conseillé	Dein empfohlener Lernweg	Tu ruta recomendada	आपके लिए सुझाया रास्ता	Seu caminho recomendado	Il tuo percorso consigliato	El teu camí recomanat	Рекомендуемый путь
starterRec	Build your foundations with the free A1 starter. Practise introductions, routines, and everyday phrases before moving on.	ابنِ أساسك بدروس A1 المجانية. تدرّب على التعارف والروتين والعبارات اليومية قبل التقدّم.	Consolidez vos bases avec le parcours A1 gratuit : présentations, habitudes et expressions du quotidien.	Baue mit dem kostenlosen A1-Start deine Grundlagen auf: Vorstellungen, Routinen und Alltagssätze.	Refuerza tus bases con el inicio A1 gratuito: presentaciones, rutinas y expresiones cotidianas.	मुफ़्त A1 पाठों से नींव मज़बूत करें। आगे बढ़ने से पहले परिचय, दिनचर्या और रोज़मर्रा के वाक्यों का अभ्यास करें।	Fortaleça suas bases com o A1 gratuito: apresentações, rotinas e expressões do dia a dia.	Costruisci le basi con l’A1 gratuito: presentazioni, abitudini ed espressioni quotidiane.	Reforça les bases amb l’A1 gratuït: presentacions, rutines i expressions quotidianes.	Укрепите основы с бесплатными уроками A1: знакомство, распорядок дня и повседневные фразы.
bridgeRec	The planned A2 Bridge may suit your next step. Refresh the free lessons now and ask the teacher about the upcoming course.	قد تناسبك دورة A2 Bridge المخططة. راجع الدروس المجانية الآن واستفسر من المعلّمة عن الدورة القادمة.	Le futur A2 Bridge pourrait vous convenir. Révisez les leçons gratuites et renseignez-vous auprès de l’enseignante.	Der geplante A2 Bridge könnte passen. Wiederhole die kostenlosen Lektionen und frage nach dem kommenden Kurs.	El futuro A2 Bridge puede encajar contigo. Repasa las lecciones gratis y consulta a la profesora sobre el curso.	आने वाला A2 Bridge आपके लिए उपयुक्त हो सकता है। अभी मुफ़्त पाठ दोहराएँ और शिक्षिका से पाठ्यक्रम के बारे में पूछें।	O futuro A2 Bridge pode ser seu próximo passo. Revise as aulas gratuitas e pergunte à professora sobre o curso.	Il futuro A2 Bridge potrebbe fare per te. Ripassa le lezioni gratuite e chiedi informazioni all’insegnante.	El futur A2 Bridge et pot anar bé. Repassa les lliçons gratuïtes i pregunta a la professora pel curs.	Вам может подойти будущий курс A2 Bridge. Повторите бесплатные уроки и узнайте у преподавателя о курсе.
privateRec	The beginner course may be too easy for you. Ask about private tuition to confirm your level and work on conversation, accuracy, and your own goals.	قد تكون دورة المبتدئين سهلة لك. استفسر عن دروس خاصة لتأكيد مستواك والعمل على المحادثة والدقة وأهدافك.	Le parcours débutant risque d’être trop facile. Demandez un cours particulier pour confirmer votre niveau et travailler vos objectifs.	Der Anfängerkurs ist vielleicht zu leicht. Frage nach Einzelunterricht, um dein Niveau zu bestätigen und gezielt zu üben.	El curso inicial puede ser demasiado fácil. Consulta por clases particulares para confirmar tu nivel y trabajar tus objetivos.	शुरुआती पाठ आपके लिए आसान हो सकते हैं। स्तर की पुष्टि और बातचीत, शुद्धता व अपने लक्ष्यों के लिए निजी पाठ पूछें।	O curso inicial pode ser fácil demais. Pergunte sobre aulas particulares para confirmar seu nível e trabalhar seus objetivos.	Il corso iniziale potrebbe essere troppo facile. Chiedi lezioni private per confermare il livello e lavorare sui tuoi obiettivi.	El curs inicial pot ser massa fàcil. Pregunta per classes particulars per confirmar el nivell i treballar els teus objectius.	Начальный курс может быть слишком простым. Узнайте об индивидуальных занятиях для уточнения уровня и работы над вашими целями.
practicePlan	Your next seven days	أيامك السبعة القادمة	Vos sept prochains jours	Deine nächsten sieben Tage	Tus próximos siete días	आपके अगले सात दिन	Seus próximos sete dias	I tuoi prossimi sette giorni	Els teus propers set dies	Ваши следующие семь дней
plan1	Days 1–2 · Review your weakest skill for ten minutes a day.	اليومان 1–2 · راجع أضعف مهاراتك عشر دقائق يوميًا.	Jours 1–2 · Travaillez votre compétence la plus faible dix minutes par jour.	Tag 1–2 · Übe deine schwächste Fertigkeit täglich zehn Minuten.	Días 1–2 · Repasa tu habilidad más débil diez minutos al día.	दिन 1–2 · अपने सबसे कमज़ोर कौशल का रोज़ दस मिनट अभ्यास करें।	Dias 1–2 · Revise sua habilidade mais fraca por dez minutos ao dia.	Giorni 1–2 · Esercita la competenza più debole dieci minuti al giorno.	Dies 1–2 · Repassa l’habilitat més feble deu minuts al dia.	Дни 1–2 · Уделяйте слабой стороне десять минут в день.
plan2	Days 3–5 · Read a short text at your level and explain it aloud.	الأيام 3–5 · اقرأ نصًا قصيرًا يناسب مستواك واشرحه بصوت عالٍ.	Jours 3–5 · Lisez un court texte à votre niveau et expliquez-le à voix haute.	Tag 3–5 · Lies einen kurzen Text auf deinem Niveau und erkläre ihn laut.	Días 3–5 · Lee un texto breve de tu nivel y explícalo en voz alta.	दिन 3–5 · अपने स्तर का छोटा पाठ पढ़ें और उसे बोलकर समझाएँ।	Dias 3–5 · Leia um texto curto do seu nível e explique em voz alta.	Giorni 3–5 · Leggi un breve testo del tuo livello e spiegalo a voce alta.	Dies 3–5 · Llegeix un text breu del teu nivell i explica’l en veu alta.	Дни 3–5 · Прочитайте короткий текст вашего уровня и перескажите вслух.
plan3	Days 6–7 · Have a short conversation and ask for feedback.	اليومان 6–7 · أجرِ محادثة قصيرة واطلب ملاحظات.	Jours 6–7 · Échangez quelques phrases et demandez un retour.	Tag 6–7 · Führe ein kurzes Gespräch und bitte um Feedback.	Días 6–7 · Mantén una conversación breve y pide comentarios.	दिन 6–7 · छोटी बातचीत करें और प्रतिक्रिया माँगें।	Dias 6–7 · Tenha uma conversa curta e peça feedback.	Giorni 6–7 · Fai una breve conversazione e chiedi un riscontro.	Dies 6–7 · Mantén una conversa breu i demana comentaris.	Дни 6–7 · Проведите короткую беседу и попросите обратную связь.
review	Review my answers	مراجعة إجاباتي	Revoir mes réponses	Antworten ansehen	Revisar mis respuestas	मेरे उत्तर देखें	Revisar minhas respostas	Rivedi le mie risposte	Revisa les meves respostes	Посмотреть ответы
retake	Take the check again	أعد الاختبار	Refaire le test	Check wiederholen	Repetir la prueba	फिर जाँच करें	Refazer o teste	Ripeti il test	Repeteix la prova	Пройти ещё раз
scoreMethod	Your estimate is the highest consecutive band with at least 3 of 4 correct answers, from A1 to C1. This short, unvalidated check cannot certify a CEFR level or distinguish C2.	تقديرك هو أعلى مستوى متتالٍ تجيب فيه عن 3 من 4 أسئلة على الأقل، من A1 إلى C1. هذا الاختبار القصير غير المعتمد لا يمنح شهادة CEFR ولا يحدّد C2.	L’estimation retient le plus haut palier consécutif avec au moins 3 réponses sur 4, de A1 à C1. Ce test court non validé ne certifie pas un niveau CECR et ne distingue pas C2.	Die Schätzung nutzt die höchste lückenlos erreichte Stufe mit mindestens 3 von 4 richtigen Antworten, von A1 bis C1. Dieser kurze, nicht validierte Check zertifiziert kein GER-Niveau und erkennt kein C2.	La estimación usa el nivel consecutivo más alto con al menos 3 de 4 aciertos, de A1 a C1. Esta prueba breve no validada no certifica un nivel MCER ni distingue C2.	अनुमान A1 से C1 तक लगातार उन स्तरों पर आधारित है जिनमें कम से कम 4 में से 3 उत्तर सही हैं। यह छोटी, अप्रमाणित जाँच CEFR स्तर प्रमाणित नहीं करती और C2 नहीं पहचानती।	A estimativa usa a faixa consecutiva mais alta com pelo menos 3 de 4 acertos, de A1 a C1. Este teste curto não validado não certifica nível CEFR nem distingue C2.	La stima usa la fascia consecutiva più alta con almeno 3 risposte corrette su 4, da A1 a C1. Questo breve test non validato non certifica un livello QCER né distingue C2.	L’estimació usa el nivell consecutiu més alt amb almenys 3 de 4 encerts, d’A1 a C1. Aquesta prova breu no validada no certifica un nivell MECR ni distingeix C2.	Оценка — наивысшая последовательно пройденная ступень с минимум 3 верными ответами из 4, от A1 до C1. Этот короткий непроверенный тест не подтверждает уровень CEFR и не определяет C2.
close	Close	إغلاق	Fermer	Schließen	Cerrar	बंद करें	Fechar	Chiudi	Tanca	Закрыть
bibiHello	Hi! I’m Bibi. Let’s find your first words.	مرحبًا! أنا بيبي. لنكتشف كلماتك الأولى.	Salut ! Moi, c’est Bibi. Trouvons vos premiers mots.	Hi! Ich bin Bibi. Finden wir deine ersten Wörter.	¡Hola! Soy Bibi. Descubramos tus primeras palabras.	नमस्ते! मैं बीबी हूँ। चलिए आपके पहले शब्द खोजें।	Oi! Sou a Bibi. Vamos descobrir suas primeiras palavras.	Ciao! Sono Bibi. Troviamo le tue prime parole.	Hola! Soc la Bibi. Descobrim les teves primeres paraules.	Привет! Я Биби. Давай найдём твои первые слова.
bibiPractice	A little practice goes a long way.	قليل من التدريب يصنع فرقًا كبيرًا.	Un peu de pratique change beaucoup.	Ein wenig Übung bringt dich weit.	Un poco de práctica te lleva lejos.	थोड़ा अभ्यास बहुत आगे ले जाता है।	Um pouco de prática faz a diferença.	Un po’ di pratica ti porta lontano.	Una mica de pràctica et porta lluny.	Немного практики — большой шаг вперёд.
bibiMistakes	Mistakes? That’s how we learn.	أخطاء؟ هكذا نتعلّم.	Des erreurs ? C’est comme ça qu’on apprend.	Fehler? So lernen wir.	¿Errores? Así aprendemos.	गलतियाँ? ऐसे ही तो सीखते हैं।	Erros? É assim que aprendemos.	Errori? È così che impariamo.	Errors? Així aprenem.	Ошибки? Так мы и учимся.
bibiCourage	You’ve got this. One word at a time.	أنت تستطيع. كلمة بعد كلمة.	Vous y arriverez. Un mot à la fois.	Du schaffst das. Wort für Wort.	Tú puedes. Una palabra a la vez.	आप कर सकते हैं। एक-एक शब्द करके।	Você consegue. Uma palavra de cada vez.	Puoi farcela. Una parola alla volta.	Tu pots. Una paraula cada vegada.	У тебя получится. Слово за словом.
bibiReminder	BIBI’S LITTLE REMINDER	تذكير صغير من بيبي	LE PETIT RAPPEL DE BIBI	BIBIS KLEINE ERINNERUNG	UN RECORDATORIO DE BIBI	बीबी की छोटी याद	UM LEMBRETE DA BIBI	UN PROMEMORIA DI BIBI	UN RECORDATORI DE LA BIBI	НАПОМИНАНИЕ ОТ БИБИ
bibiTap	Tap Bibi for encouragement	اضغط على بيبي للتشجيع	Touchez Bibi pour un encouragement	Tippe Bibi für Ermutigung an	Toca a Bibi para animarte	हौसले के लिए बीबी को दबाएँ	Toque na Bibi para se animar	Tocca Bibi per un incoraggiamento	Toca la Bibi per animar-te	Нажмите на Биби для поддержки
bibiDone	All four lessons! Look how far you’ve come.	الدروس الأربعة كلها! انظر إلى تقدّمك.	Les quatre leçons ! Quel chemin parcouru.	Alle vier Lektionen! Schau, wie weit du bist.	¡Las cuatro lecciones! Mira cuánto avanzaste.	चारों पाठ पूरे! देखिए कितना आगे आए हैं।	As quatro aulas! Veja seu progresso.	Tutte e quattro le lezioni! Guarda i tuoi progressi.	Totes quatre lliçons! Mira quant has avançat.	Все четыре урока! Смотри, сколько ты уже прошёл.
discover	Discover	اكتشف	Découvrir	Entdecken	Descubrir	खोजें	Descobrir	Scopri	Descobreix	Открывайте
build	Build	ركّب	Construire	Bauen	Construir	बनाएँ	Montar	Componi	Construeix	Составляйте
quiz	Quiz	اختبار	Quiz	Quiz	Prueba	प्रश्नोत्तरी	Quiz	Quiz	Prova	Тест
encouragement	A little encouragement	قليل من التشجيع	Un petit encouragement	Ein wenig Ermutigung	Un poco de ánimo	थोड़ा हौसला	Um pouco de incentivo	Un po’ di incoraggiamento	Una mica d’ànim	Немного поддержки
wordsTitle	Words worth knowing.	كلمات تستحق التعلم.	Des mots utiles.	Wörter, die sich lohnen.	Palabras que vale la pena conocer.	जानने लायक शब्द।	Palavras que vale a pena conhecer.	Parole da conoscere.	Paraules que val la pena conèixer.	Слова, которые стоит знать.
wordsTap	Tap each card to discover its meaning.	اضغط على كل بطاقة لاكتشاف المعنى.	Touchez chaque carte pour découvrir le sens.	Tippe auf jede Karte, um die Bedeutung zu sehen.	Toca cada tarjeta para descubrir su significado.	अर्थ जानने के लिए हर कार्ड दबाएँ।	Toque em cada cartão para descobrir o significado.	Tocca ogni carta per scoprire il significato.	Toca cada targeta per descobrir-ne el significat.	Нажмите на карточку, чтобы узнать значение.
wordLabel	WORD 0	الكلمة 0	MOT 0	WORT 0	PALABRA 0	शब्द 0	PALAVRA 0	PAROLA 0	PARAULA 0	СЛОВО 0
tapDiscover	Tap to discover	اضغط للاكتشاف	Touchez pour découvrir	Tippen zum Entdecken	Toca para descubrir	जानने के लिए दबाएँ	Toque para descobrir	Tocca per scoprire	Toca per descobrir	Нажмите, чтобы узнать
means	IT MEANS…	معناها…	CELA SIGNIFIE…	DAS BEDEUTET…	SIGNIFICA…	इसका अर्थ है…	SIGNIFICA…	SIGNIFICA…	VOL DIR…	ЭТО ЗНАЧИТ…
flipBack	Tap to see the word ↻	اضغط لرؤية الكلمة ↻	Touchez pour voir le mot ↻	Tippen, um das Wort zu sehen ↻	Toca para ver la palabra ↻	शब्द देखने के लिए दबाएँ ↻	Toque para ver a palavra ↻	Tocca per vedere la parola ↻	Toca per veure la paraula ↻	Нажмите, чтобы увидеть слово ↻
hearIt	Hear it	استمع	Écouter	Anhören	Escuchar	सुनें	Ouvir	Ascolta	Escolta	Послушать
listening	Listening…	جارٍ التشغيل…	Écoute…	Wiedergabe…	Escuchando…	सुन रहे हैं…	Ouvindo…	In ascolto…	Escoltant…	Воспроизведение…
of	 of 	 من 	 sur 	 von 	 de 	 में से 	 de 	 su 	 de 	 из 
explored	words explored	كلمات اكتشفتها	mots découverts	Wörter entdeckt	palabras exploradas	शब्द सीखे	palavras exploradas	parole esplorate	paraules explorades	слов изучено
grammarGuide	The tiny grammar guide	دليل القواعد الصغير	Le petit guide de grammaire	Der kleine Grammatikguide	La pequeña guía de gramática	छोटी व्याकरण गाइड	O pequeno guia de gramática	La piccola guida grammaticale	La petita guia de gramàtica	Краткий справочник по грамматике
conversationTitle	A conversation, one line at a time.	محادثة، جملة بعد جملة.	Une conversation, phrase par phrase.	Ein Gespräch, Satz für Satz.	Una conversación, frase a frase.	एक-एक वाक्य करके बातचीत।	Uma conversa, frase por frase.	Una conversazione, frase per frase.	Una conversa, frase a frase.	Разговор, реплика за репликой.
conversationTip	Tap a line to hear it. Say it back before moving on.	اضغط على جملة لسماعها. كرّرها قبل المتابعة.	Touchez une phrase pour l’écouter. Répétez-la avant de continuer.	Tippe einen Satz an. Sprich ihn nach, bevor du weitermachst.	Toca una frase para escucharla. Repítela antes de continuar.	वाक्य सुनने के लिए दबाएँ। आगे बढ़ने से पहले उसे दोहराएँ।	Toque numa frase para ouvir. Repita antes de continuar.	Tocca una frase per ascoltarla. Ripetila prima di proseguire.	Toca una frase per escoltar-la. Repeteix-la abans de continuar.	Нажмите на реплику. Повторите её, прежде чем продолжить.
linesExplored	lines explored	جمل اكتشفتها	phrases explorées	Sätze erkundet	frases exploradas	वाक्य सुने	frases exploradas	frasi esplorate	frases explorades	реплик изучено
stopAudio	Stop audio	إيقاف الصوت	Arrêter l’audio	Audio stoppen	Detener audio	ऑडियो रोकें	Parar áudio	Ferma l’audio	Atura l’àudio	Остановить аудио
buildTitle	Build a little conversation.	ركّب محادثة قصيرة.	Construisez une petite conversation.	Baue ein kleines Gespräch.	Construye una pequeña conversación.	एक छोटी बातचीत बनाएँ।	Monte uma pequena conversa.	Costruisci una piccola conversazione.	Construeix una petita conversa.	Составьте короткую беседу.
buildTip	Tap the words in the right order. Tap a placed word to take it back.	اضغط على الكلمات بالترتيب الصحيح. اضغط على كلمة موضوعة لإعادتها.	Touchez les mots dans l’ordre. Touchez un mot placé pour le retirer.	Tippe die Wörter in der richtigen Reihenfolge an. Tippe ein gesetztes Wort an, um es zurückzunehmen.	Toca las palabras en orden. Toca una palabra colocada para quitarla.	शब्द सही क्रम में दबाएँ। रखे हुए शब्द को हटाने के लिए फिर दबाएँ।	Toque nas palavras na ordem certa. Toque numa palavra colocada para removê-la.	Tocca le parole nell’ordine corretto. Tocca una parola inserita per rimuoverla.	Toca les paraules en ordre. Toca una paraula col·locada per treure-la.	Нажимайте слова в нужном порядке. Нажмите выбранное слово, чтобы убрать его.
sentencePlaceholder	Your sentence goes here…	جملتك هنا…	Votre phrase ici…	Dein Satz steht hier…	Tu frase va aquí…	आपका वाक्य यहाँ…	Sua frase fica aqui…	La tua frase qui…	La teva frase va aquí…	Ваше предложение здесь…
reset	Start again	ابدأ مجددًا	Recommencer	Neu beginnen	Empezar de nuevo	फिर शुरू करें	Recomeçar	Ricomincia	Torna a començar	Начать заново
checkSentence	Check my sentence	تحقق من جملتي	Vérifier ma phrase	Meinen Satz prüfen	Comprobar mi frase	मेरा वाक्य जाँचें	Verificar minha frase	Controlla la mia frase	Comprova la meva frase	Проверить предложение
hearSentence	Hear your sentence	استمع إلى جملتك	Écouter votre phrase	Deinen Satz anhören	Escuchar tu frase	अपना वाक्य सुनें	Ouvir sua frase	Ascolta la tua frase	Escolta la teva frase	Послушать предложение
quizTitle	A little confidence check.	اختبار صغير للثقة.	Un petit bilan de confiance.	Ein kleiner Wissenscheck.	Una pequeña prueba de confianza.	आत्मविश्वास की छोटी जाँच।	Um pequeno teste de confiança.	Un piccolo test di fiducia.	Una petita prova de confiança.	Небольшая проверка уверенности.
previous	Previous	السابق	Précédent	Zurück	Anterior	पिछला	Anterior	Precedente	Anterior	Назад
ownTitle	Make it your own.	عبّر بأسلوبك.	À vous de jouer.	Mach es zu deinem Satz.	Hazlo tuyo.	इसे अपना बनाएँ।	Agora é sua vez.	Ora tocca a te.	Fes-ho teu.	Теперь по-своему.
writeTip	Try a short sentence. Then say it out loud.	جرّب جملة قصيرة ثم قلها بصوت عالٍ.	Écrivez une courte phrase, puis dites-la à voix haute.	Versuche einen kurzen Satz. Sprich ihn dann laut aus.	Prueba una frase corta y después dila en voz alta.	एक छोटा वाक्य लिखें, फिर बोलें।	Tente uma frase curta. Depois fale em voz alta.	Prova una frase breve. Poi dilla ad alta voce.	Prova una frase curta i després digues-la en veu alta.	Напишите короткую фразу. Затем произнесите её вслух.
writePlaceholder	Your conversation starts here…	محادثتك تبدأ هنا…	Votre conversation commence ici…	Dein Gespräch beginnt hier…	Tu conversación empieza aquí…	आपकी बातचीत यहाँ शुरू होती है…	Sua conversa começa aqui…	La tua conversazione inizia qui…	La teva conversa comença aquí…	Ваш разговор начинается здесь…
hearWords	Hear my words	استمع إلى كلماتي	Écouter mes mots	Meine Wörter anhören	Escuchar mis palabras	मेरे शब्द सुनें	Ouvir minhas palavras	Ascolta le mie parole	Escolta les meves paraules	Послушать мои слова
writingPrivacy	Your writing stays in this lesson and is not submitted.	تبقى كتابتك في هذا الدرس ولا تُرسل.	Votre texte reste dans cette leçon et n’est pas envoyé.	Dein Text bleibt in dieser Lektion und wird nicht gesendet.	Tu texto se queda en esta lección y no se envía.	आपका लेखन इसी पाठ में रहता है और भेजा नहीं जाता।	Seu texto fica nesta aula e não é enviado.	Il tuo testo resta in questa lezione e non viene inviato.	El text es queda en aquesta lliçó i no s’envia.	Ваш текст остаётся в уроке и никуда не отправляется.
readSlow	Read your sentence slowly.	اقرأ جملتك ببطء.	Lisez votre phrase lentement.	Lies deinen Satz langsam.	Lee tu frase despacio.	अपना वाक्य धीरे पढ़ें।	Leia sua frase devagar.	Leggi la frase lentamente.	Llegeix la frase a poc a poc.	Медленно прочитайте предложение.
lookAway	Look away and try saying it again.	انظر بعيدًا وحاول قولها مجددًا.	Détournez les yeux et répétez-la.	Schau weg und versuche es noch einmal.	Aparta la mirada e intenta repetirla.	नज़र हटाकर फिर बोलने की कोशिश करें।	Desvie o olhar e tente repetir.	Distogli lo sguardo e prova a ripeterla.	Aparta la mirada i prova de repetir-la.	Отведите взгляд и повторите.
withFriend	Try it with a friend—or just to yourself.	جرّبها مع صديق أو مع نفسك.	Essayez avec un ami, ou tout seul.	Übe mit jemandem oder für dich allein.	Practica con alguien o contigo mismo.	दोस्त के साथ या अकेले अभ्यास करें।	Pratique com alguém ou sozinho.	Prova con un amico o da solo.	Practica amb algú o tot sol.	Попробуйте с другом или самостоятельно.
finishLesson	I’ve practised. Finish lesson	تدرّبت. أنهِ الدرس	J’ai pratiqué. Terminer	Ich habe geübt. Abschließen	He practicado. Terminar	अभ्यास हो गया। पाठ पूरा करें	Pratiquei. Concluir aula	Ho fatto pratica. Termina	He practicat. Acaba	Я потренировался. Завершить
celebrate	A SMALL STEP WORTH CELEBRATING	خطوة صغيرة تستحق الاحتفال	UN PETIT PAS À CÉLÉBRER	EIN KLEINER SCHRITT ZUM FEIERN	UN PEQUEÑO PASO PARA CELEBRAR	छोटा कदम, खुशी की बात	UM PEQUENO PASSO PARA CELEBRAR	UN PICCOLO PASSO DA FESTEGGIARE	UN PETIT PAS PER CELEBRAR	МАЛЕНЬКИЙ ШАГ, ДОСТОЙНЫЙ ПРАЗДНИКА
lookYou	Look at you,	انظر إليك،	Regardez-vous,	Schau dich an,	Mírate,	देखिए, आप	Olha só,	Guarda,	Mira’t,	Посмотрите,
learning	learning.	تتعلّم.	vous apprenez.	du lernst.	aprendiendo.	सीख रहे हैं।	aprendendo.	stai imparando.	aprenent.	вы учитесь.
youCompleted	You’ve completed	لقد أكملت	Vous avez terminé	Du hast abgeschlossen	Has completado	आपने पूरा किया	Você concluiu	Hai completato	Has completat	Вы завершили
momentWin	That’s one more moment you can handle in English.	موقف آخر يمكنك التعامل معه بالإنجليزية.	Une situation de plus que vous maîtrisez en anglais.	Eine weitere Situation, die du auf Englisch meistern kannst.	Una situación más que puedes afrontar en inglés.	अब एक और स्थिति आप अंग्रेज़ी में संभाल सकते हैं।	Mais uma situação que você consegue enfrentar em inglês.	Una situazione in più che sai affrontare in inglese.	Una situació més que pots afrontar en anglès.	Ещё одна ситуация, с которой вы справитесь на английском.
quizAnswers	quiz answers	إجابات الاختبار	réponses au quiz	Quizantworten	respuestas del quiz	प्रश्नोत्तरी उत्तर	respostas do quiz	risposte al quiz	respostes de la prova	ответов в тесте
sentencePractice	sentence practice	تدريب الجمل	pratique de phrases	Satzübung	práctica de frases	वाक्य अभ्यास	prática de frases	pratica delle frasi	pràctica de frases	практика предложений
revisit	Revisit this lesson	راجع هذا الدرس	Revoir cette leçon	Lektion wiederholen	Repasar esta lección	इस पाठ को दोहराएँ	Rever esta aula	Rivedi la lezione	Repassa aquesta lliçó	Повторить этот урок
trySpeaking	Try speaking	جرّب التحدث	Essayer de parler	Sprechen üben	Intentar hablar	बोलने का अभ्यास करें	Praticar a fala	Prova a parlare	Prova de parlar	Попробовать говорить
nextQuestion	Next question	السؤال التالي	Question suivante	Nächste Frage	Siguiente pregunta	अगला प्रश्न	Próxima pergunta	Prossima domanda	Pregunta següent	Следующий вопрос
useWords	Let’s use your words	لنستخدم كلماتك	Utilisons vos mots	Nutzen wir deine Wörter	Usemos tus palabras	अपने शब्द इस्तेमाल करें	Vamos usar suas palavras	Usiamo le tue parole	Fem servir les teves paraules	Используем ваши слова
keepGoing	Keep the good thing going	واصل التقدّم	Gardez votre élan	Bleib dran	Sigue avanzando	इसी तरह आगे बढ़ें	Continue avançando	Continua così	Continua avançant	Продолжайте в том же духе
backLessons	Back to your lessons	العودة إلى الدروس	Retour aux leçons	Zurück zu den Lektionen	Volver a las lecciones	पाठों पर वापस जाएँ	Voltar às aulas	Torna alle lezioni	Torna a les lliçons	Вернуться к урокам
correctFeedback	That’s it. Nicely done!	صحيح. أحسنت!	C’est ça. Bravo !	Genau. Gut gemacht!	¡Eso es! ¡Muy bien!	बिल्कुल सही। बहुत अच्छा!	Isso mesmo. Muito bem!	Esatto. Bravo!	Això és! Molt bé!	Верно. Отлично!
retryFeedback	You’re learning. Have another go.	أنت تتعلّم. حاول مجددًا.	Vous apprenez. Réessayez.	Du lernst. Versuch es noch einmal.	Estás aprendiendo. Inténtalo otra vez.	आप सीख रहे हैं। फिर कोशिश करें।	Você está aprendendo. Tente de novo.	Stai imparando. Riprova.	Estàs aprenent. Torna-ho a provar.	Вы учитесь. Попробуйте ещё раз.
solved	✦ You put it together!	✦ ركّبتها بنجاح!	✦ Vous avez réussi !	✦ Du hast es geschafft!	✦ ¡Lo has conseguido!	✦ आपने बना लिया!	✦ Você conseguiu!	✦ Ci sei riuscito!	✦ Ho has aconseguit!	✦ Вы справились!
retryOrder	Almost! Try a different order.	اقتربت! جرّب ترتيبًا آخر.	Presque ! Essayez un autre ordre.	Fast! Versuche eine andere Reihenfolge.	¡Casi! Prueba otro orden.	लगभग! दूसरा क्रम आज़माएँ।	Quase! Tente outra ordem.	Quasi! Prova un altro ordine.	Gairebé! Prova un altre ordre.	Почти! Попробуйте другой порядок.
saySentence	Now say your sentence out loud.	قل جملتك بصوت عالٍ الآن.	Dites maintenant votre phrase à voix haute.	Sprich deinen Satz jetzt laut aus.	Ahora di tu frase en voz alta.	अब अपना वाक्य बोलें।	Agora diga sua frase em voz alta.	Ora pronuncia la frase ad alta voce.	Ara digues la frase en veu alta.	Теперь произнесите предложение вслух.
you	You	أنت	Vous	Du	Tú	आप	Você	Tu	Tu	Вы
wordCount	words · every word is a step	كلمات · كل كلمة خطوة	mots · chaque mot est un pas	Wörter · jedes Wort ist ein Schritt	palabras · cada palabra es un paso	शब्द · हर शब्द एक कदम	palavras · cada palavra é um passo	parole · ogni parola è un passo	paraules · cada paraula és un pas	слов · каждое слово — шаг вперёд
hint	Hint: start with	تلميح: ابدأ بـ	Indice : commencez par	Tipp: Beginne mit	Pista: empieza con	संकेत: इससे शुरू करें	Dica: comece com	Suggerimento: inizia con	Pista: comença amb	Подсказка: начните с
yourAnswer	Your answer	إجابتك	Votre réponse	Deine Antwort	Tu respuesta	आपका उत्तर	Sua resposta	La tua risposta	La teva resposta	Ваш ответ
rightAnswer	Correct answer	الإجابة الصحيحة	Bonne réponse	Richtige Antwort	Respuesta correcta	सही उत्तर	Resposta correta	Risposta corretta	Resposta correcta	Правильный ответ
